episode, reward, loss, lr
1, -25.5455, 0.0427, 0.000100
2, -23.7727, 0.0349, 0.000100
3, -22.8864, 0.0347, 0.000100
4, -24.4091, 0.0264, 0.000100
5, -19.8182, 0.0132, 0.000100
6, -24.1591, 0.0194, 0.000100
7, -28.5455, 0.0221, 0.000100
8, -22.5000, 0.0134, 0.000100
9, -28.0909, 0.0131, 0.000100
10, -25.8864, 0.0078, 0.000100
11, -21.0682, 0.0021, 0.000100
12, -22.5455, 0.0053, 0.000100
13, -21.2727, -0.0004, 0.000100
14, -25.0227, -0.0065, 0.000100
15, -22.4545, -0.0027, 0.000100
16, -25.6136, 0.0046, 0.000100
17, -26.1136, 0.0059, 0.000100
18, -29.4545, 0.0052, 0.000100
19, -23.4773, 0.0013, 0.000100
20, -17.8182, -0.0112, 0.000100
21, -21.8140, -0.0061, 0.000100
22, -23.6512, 0.0038, 0.000100
23, -19.8864, -0.0060, 0.000100
24, -19.5227, -0.0048, 0.000100
25, -22.7500, 0.0002, 0.000100
26, -27.7442, 0.0024, 0.000100
27, -19.7273, -0.0034, 0.000100
28, -24.1818, 0.0046, 0.000100
29, -29.0682, 0.0101, 0.000100
30, -26.1818, 0.0012, 0.000100
31, -22.7273, 0.0008, 0.000100
32, -26.9535, 0.0062, 0.000100
33, -29.4419, 0.0075, 0.000100
34, -21.3636, -0.0032, 0.000100
35, -23.1818, 0.0004, 0.000100
36, -19.1364, -0.0064, 0.000100
37, -23.9545, -0.0014, 0.000100
38, -28.4651, 0.0060, 0.000100
39, -27.1591, 0.0077, 0.000100
40, -23.2955, -0.0000, 0.000100
41, -21.6136, -0.0025, 0.000100
42, -18.9318, -0.0072, 0.000100
43, -24.7273, -0.0003, 0.000100
44, -25.3488, 0.0084, 0.000100
45, -24.5682, 0.0015, 0.000100
46, -25.2558, 0.0076, 0.000100
47, -29.1163, 0.0081, 0.000100
48, -25.5682, 0.0012, 0.000100
49, -27.3409, 0.0062, 0.000100
50, -24.0682, -0.0068, 0.000100
51, -20.9318, 0.0000, 0.000100
52, -23.6818, 0.0000, 0.000100
53, -25.9773, 0.0000, 0.000100
54, -25.2500, 0.0000, 0.000100
55, -22.1136, 0.0000, 0.000100
56, -23.4091, 0.0000, 0.000100
57, -21.7955, 0.0000, 0.000100
58, -21.5227, 0.0000, 0.000100
59, -23.0455, 0.0000, 0.000100
60, -22.8636, 0.0000, 0.000100
61, -22.0682, 0.0000, 0.000100
62, -21.4773, 0.0000, 0.000100
63, -27.2273, 0.0000, 0.000100
64, -21.2500, 0.0000, 0.000100
65, -20.3721, 0.0000, 0.000100
66, -17.7500, 0.0000, 0.000100
67, -25.8409, 0.0000, 0.000100
68, -24.3182, 0.0000, 0.000100
69, -23.4318, 0.0000, 0.000100
70, -23.6818, 0.0000, 0.000100
71, -18.7955, 0.0000, 0.000100
72, -23.2273, 0.0000, 0.000100
73, -28.3864, 0.0000, 0.000100
74, -24.2500, 0.0000, 0.000100
75, -24.4186, 0.0000, 0.000100
76, -21.3182, 0.0000, 0.000100
77, -23.9091, 0.0000, 0.000100
78, -23.6364, 0.0000, 0.000100
79, -17.9773, 0.0000, 0.000100
80, -27.5909, 0.0000, 0.000100
81, -20.4318, 0.0000, 0.000100
82, -22.7273, 0.0000, 0.000100
83, -24.0000, 0.0000, 0.000100
84, -22.5455, 0.0000, 0.000100
85, -22.2273, 0.0000, 0.000100
86, -20.8605, 0.0000, 0.000100
87, -23.8409, 0.0000, 0.000100
88, -20.5000, 0.0000, 0.000100
89, -22.1136, 0.0000, 0.000100
90, -21.2727, 0.0000, 0.000100
91, -21.0227, 0.0000, 0.000100
92, -21.8409, 0.0000, 0.000100
93, -22.2500, 0.0000, 0.000100
94, -23.0000, 0.0000, 0.000100
95, -27.8605, 0.0000, 0.000100
96, -22.5455, 0.0000, 0.000100
97, -20.8409, 0.0000, 0.000100
98, -16.2500, 0.0000, 0.000100
99, -19.4091, 0.0000, 0.000100
100, -22.2727, 0.0000, 0.000100
101, -24.9091, 0.0021, 0.000100
102, -22.5682, -0.0024, 0.000100
103, -18.2955, -0.0076, 0.000100
104, -26.0000, 0.0051, 0.000100
105, -20.7045, 0.0006, 0.000100
106, -18.0455, -0.0058, 0.000100
107, -17.4545, -0.0058, 0.000100
108, -23.0000, 0.0023, 0.000100
109, -18.5682, -0.0036, 0.000100
110, -27.7907, 0.0055, 0.000100
111, -20.8409, -0.0037, 0.000100
112, -21.3864, -0.0045, 0.000100
113, -28.7500, 0.0050, 0.000100
114, -19.9773, -0.0042, 0.000100
115, -22.5000, 0.0001, 0.000100
116, -21.5455, -0.0004, 0.000100
117, -16.4545, -0.0068, 0.000100
118, -21.3182, 0.0002, 0.000100
119, -21.8636, -0.0012, 0.000100
120, -21.5238, -0.0008, 0.000100
121, -16.5814, -0.0028, 0.000100
122, -23.5227, 0.0014, 0.000100
123, -24.1818, 0.0076, 0.000100
124, -25.5349, 0.0086, 0.000100
125, -20.9545, 0.0007, 0.000100
126, -21.6279, -0.0018, 0.000100
127, -18.3409, -0.0008, 0.000100
128, -26.8605, 0.0056, 0.000100
129, -21.6136, 0.0013, 0.000100
130, -21.6591, 0.0040, 0.000100
131, -19.6136, -0.0027, 0.000100
132, -18.3864, -0.0009, 0.000100
133, -18.9545, -0.0013, 0.000100
134, -21.7619, 0.0018, 0.000100
135, -24.5682, 0.0096, 0.000100
136, -22.3409, 0.0056, 0.000100
137, -20.3636, 0.0020, 0.000100
138, -19.9091, -0.0001, 0.000100
139, -24.8605, 0.0055, 0.000100
140, -24.3864, 0.0063, 0.000100
141, -22.4773, 0.0038, 0.000100
142, -18.5000, -0.0038, 0.000100
143, -20.0476, -0.0011, 0.000100
144, -20.0682, -0.0026, 0.000100
145, -19.0000, -0.0007, 0.000100
146, -23.7727, 0.0025, 0.000100
147, -21.0682, 0.0027, 0.000100
148, -20.7907, -0.0024, 0.000100
149, -18.7727, -0.0011, 0.000100
150, -16.1364, -0.0058, 0.000100
151, -15.4318, 0.0000, 0.000100
152, -21.0000, 0.0000, 0.000100
153, -21.2500, 0.0000, 0.000100
154, -17.7500, 0.0000, 0.000100
155, -23.6818, 0.0000, 0.000100
156, -23.7045, 0.0000, 0.000100
157, -26.9318, 0.0000, 0.000100
158, -18.1364, 0.0000, 0.000100
159, -24.3182, 0.0000, 0.000100
160, -25.3409, 0.0000, 0.000100
161, -19.7727, 0.0000, 0.000100
162, -22.9773, 0.0000, 0.000100
163, -25.5227, 0.0000, 0.000100
164, -21.7045, 0.0000, 0.000100
165, -25.8409, 0.0000, 0.000100
166, -21.4318, 0.0000, 0.000100
167, -20.6136, 0.0000, 0.000100
168, -24.0000, 0.0000, 0.000100
169, -23.7955, 0.0000, 0.000100
170, -22.0227, 0.0000, 0.000100
171, -20.1818, 0.0000, 0.000100
172, -22.4773, 0.0000, 0.000100
173, -23.1136, 0.0000, 0.000100
174, -22.3636, 0.0000, 0.000100
175, -25.5227, 0.0000, 0.000100
176, -23.0909, 0.0000, 0.000100
177, -25.2727, 0.0000, 0.000100
178, -19.2045, 0.0000, 0.000100
179, -23.8409, 0.0000, 0.000100
180, -26.2273, 0.0000, 0.000100
181, -24.8864, 0.0000, 0.000100
182, -20.5000, 0.0000, 0.000100
183, -22.4773, 0.0000, 0.000100
184, -25.7273, 0.0000, 0.000100
185, -21.5682, 0.0000, 0.000100
186, -24.5455, 0.0000, 0.000100
187, -22.8182, 0.0000, 0.000100
188, -23.2500, 0.0000, 0.000100
189, -21.9773, 0.0000, 0.000100
190, -23.2381, 0.0000, 0.000100
191, -20.5682, 0.0000, 0.000100
192, -25.0000, 0.0000, 0.000100
193, -20.2045, 0.0000, 0.000100
194, -21.5682, 0.0000, 0.000100
195, -25.0000, 0.0000, 0.000100
196, -21.6905, 0.0000, 0.000100
197, -20.7727, 0.0000, 0.000100
198, -20.1395, 0.0000, 0.000100
199, -21.3182, 0.0000, 0.000100
200, -19.3182, 0.0000, 0.000100
201, -24.6744, 0.0073, 0.000100
202, -21.0930, 0.0031, 0.000100
203, -19.4545, -0.0019, 0.000100
204, -20.4545, 0.0029, 0.000100
205, -17.5682, -0.0019, 0.000100
206, -19.1591, -0.0018, 0.000100
207, -20.5682, 0.0025, 0.000100
208, -19.8864, 0.0020, 0.000100
209, -22.9773, 0.0018, 0.000100
210, -23.9545, 0.0048, 0.000100
211, -21.7045, 0.0067, 0.000100
212, -27.7045, 0.0085, 0.000100
213, -22.4091, 0.0061, 0.000100
214, -21.8409, -0.0004, 0.000100
215, -25.7500, 0.0060, 0.000100
216, -20.7045, -0.0045, 0.000100
217, -23.6136, 0.0038, 0.000100
218, -24.6512, -0.0013, 0.000100
219, -21.8864, -0.0033, 0.000100
220, -24.3182, 0.0032, 0.000100
221, -22.7500, -0.0032, 0.000100
222, -19.6190, -0.0023, 0.000100
223, -23.2619, 0.0004, 0.000100
224, -25.2955, 0.0022, 0.000100
225, -24.0227, -0.0020, 0.000100
226, -25.8571, 0.0010, 0.000100
227, -19.4318, -0.0050, 0.000100
228, -19.7955, -0.0113, 0.000100
229, -21.3182, -0.0040, 0.000100
230, -17.5000, -0.0048, 0.000100
231, -20.4318, 0.0018, 0.000100
232, -21.0682, -0.0056, 0.000100
233, -20.2045, -0.0049, 0.000100
234, -23.8409, 0.0052, 0.000100
235, -17.3864, -0.0054, 0.000100
236, -20.1628, -0.0024, 0.000100
237, -21.3721, 0.0005, 0.000100
238, -17.8409, -0.0018, 0.000100
239, -18.4773, -0.0063, 0.000100
240, -21.4091, -0.0034, 0.000100
241, -23.6136, 0.0008, 0.000100
242, -18.5682, -0.0016, 0.000100
243, -24.1136, -0.0003, 0.000100
244, -24.6364, 0.0037, 0.000100
245, -24.4419, 0.0103, 0.000100
246, -16.3864, -0.0053, 0.000100
247, -26.6591, 0.0043, 0.000100
248, -24.5227, -0.0002, 0.000100
249, -16.1591, -0.0075, 0.000100
250, -19.5476, -0.0022, 0.000100
251, -22.9318, 0.0000, 0.000100
252, -18.2273, 0.0000, 0.000100
253, -19.2500, 0.0000, 0.000100
254, -19.4318, 0.0000, 0.000100
255, -21.8636, 0.0000, 0.000100
256, -20.5227, 0.0000, 0.000100
257, -17.7045, 0.0000, 0.000100
258, -22.2045, 0.0000, 0.000100
259, -17.2727, 0.0000, 0.000100
260, -19.0682, 0.0000, 0.000100
261, -16.6591, 0.0000, 0.000100
262, -17.2273, 0.0000, 0.000100
263, -21.6818, 0.0000, 0.000100
264, -25.2500, 0.0000, 0.000100
265, -19.4545, 0.0000, 0.000100
266, -20.1136, 0.0000, 0.000100
267, -19.3409, 0.0000, 0.000100
268, -21.7727, 0.0000, 0.000100
269, -21.9773, 0.0000, 0.000100
270, -22.0000, 0.0000, 0.000100
271, -19.8140, 0.0000, 0.000100
272, -24.7273, 0.0000, 0.000100
273, -21.7045, 0.0000, 0.000100
274, -18.9091, 0.0000, 0.000100
275, -20.6136, 0.0000, 0.000100
276, -22.1591, 0.0000, 0.000100
277, -17.3636, 0.0000, 0.000100
278, -21.1591, 0.0000, 0.000100
279, -22.2500, 0.0000, 0.000100
280, -21.3864, 0.0000, 0.000100
281, -31.8864, 0.0000, 0.000100
282, -20.7727, 0.0000, 0.000100
283, -16.8864, 0.0000, 0.000100
284, -13.9773, 0.0000, 0.000100
285, -19.7955, 0.0000, 0.000100
286, -24.8409, 0.0000, 0.000100
287, -25.0682, 0.0000, 0.000100
288, -23.5909, 0.0000, 0.000100
289, -22.4773, 0.0000, 0.000100
290, -22.3636, 0.0000, 0.000100
291, -18.3636, 0.0000, 0.000100
292, -22.0227, 0.0000, 0.000100
293, -21.9318, 0.0000, 0.000100
294, -18.9545, 0.0000, 0.000100
295, -27.8636, 0.0000, 0.000100
296, -21.7273, 0.0000, 0.000100
297, -24.0000, 0.0000, 0.000100
298, -24.3636, 0.0000, 0.000100
299, -25.9773, 0.0000, 0.000100
300, -18.5909, 0.0000, 0.000100
301, -21.7273, 0.0000, 0.000100
302, -23.9762, -0.0004, 0.000100
303, -23.5227, -0.0006, 0.000100
304, -17.1364, 0.0016, 0.000100
305, -22.3182, 0.0025, 0.000100
306, -23.0909, 0.0021, 0.000100
307, -26.3864, 0.0046, 0.000100
308, -18.2045, -0.0052, 0.000100
309, -20.0227, -0.0029, 0.000100
310, -19.9286, -0.0033, 0.000100
311, -26.3409, 0.0007, 0.000100
312, -21.1364, 0.0012, 0.000100
313, -22.5682, 0.0009, 0.000100
314, -22.7907, 0.0014, 0.000100
315, -17.3636, -0.0066, 0.000100
316, -21.6364, 0.0006, 0.000100
317, -16.1860, -0.0076, 0.000100
318, -20.4091, 0.0014, 0.000100
319, -17.1136, -0.0020, 0.000100
320, -19.6136, 0.0002, 0.000100
321, -21.0455, -0.0065, 0.000100
322, -18.4773, -0.0033, 0.000100
323, -21.0000, 0.0003, 0.000100
324, -20.0000, 0.0022, 0.000100
325, -16.2500, -0.0066, 0.000100
326, -22.4773, 0.0022, 0.000100
327, -18.9773, -0.0007, 0.000100
328, -20.8636, 0.0009, 0.000100
329, -22.8636, -0.0000, 0.000100
330, -24.6818, 0.0056, 0.000100
331, -25.6591, 0.0025, 0.000100
332, -18.0909, -0.0074, 0.000100
333, -22.2955, -0.0010, 0.000100
334, -21.7045, 0.0005, 0.000100
335, -22.6364, 0.0001, 0.000100
336, -21.6591, -0.0006, 0.000100
337, -21.3182, -0.0040, 0.000100
338, -19.7500, 0.0032, 0.000100
339, -22.3409, 0.0059, 0.000100
340, -24.8409, 0.0031, 0.000100
341, -18.7209, 0.0033, 0.000100
342, -19.7727, 0.0032, 0.000100
343, -15.1364, -0.0042, 0.000100
344, -24.9535, 0.0049, 0.000100
345, -23.7500, 0.0039, 0.000100
346, -20.6591, 0.0052, 0.000100
347, -23.3636, 0.0050, 0.000100
348, -20.5455, 0.0033, 0.000100
349, -26.1591, 0.0085, 0.000100
350, -24.3182, 0.0050, 0.000100
351, -23.4318, 0.0000, 0.000100
352, -20.4318, 0.0000, 0.000100
353, -21.4773, 0.0000, 0.000100
354, -18.9545, 0.0000, 0.000100
355, -19.2045, 0.0000, 0.000100
356, -21.8864, 0.0000, 0.000100
357, -18.8409, 0.0000, 0.000100
358, -25.4773, 0.0000, 0.000100
359, -19.2273, 0.0000, 0.000100
360, -22.5455, 0.0000, 0.000100
361, -15.5227, 0.0000, 0.000100
362, -20.5455, 0.0000, 0.000100
363, -18.5682, 0.0000, 0.000100
364, -21.7674, 0.0000, 0.000100
365, -23.3721, 0.0000, 0.000100
366, -20.7273, 0.0000, 0.000100
367, -22.5000, 0.0000, 0.000100
368, -20.3636, 0.0000, 0.000100
369, -18.8409, 0.0000, 0.000100
370, -18.7273, 0.0000, 0.000100
371, -26.8605, 0.0000, 0.000100
372, -28.1136, 0.0000, 0.000100
373, -18.8409, 0.0000, 0.000100
374, -26.0000, 0.0000, 0.000100
375, -19.3864, 0.0000, 0.000100
376, -17.6744, 0.0000, 0.000100
377, -22.3409, 0.0000, 0.000100
378, -22.3721, 0.0000, 0.000100
379, -19.9091, 0.0000, 0.000100
380, -20.4318, 0.0000, 0.000100
381, -18.4318, 0.0000, 0.000100
382, -21.7955, 0.0000, 0.000100
383, -15.9545, 0.0000, 0.000100
384, -19.3023, 0.0000, 0.000100
385, -19.2045, 0.0000, 0.000100
386, -20.4186, 0.0000, 0.000100
387, -16.1136, 0.0000, 0.000100
388, -23.2727, 0.0000, 0.000100
389, -22.0455, 0.0000, 0.000100
390, -23.9091, 0.0000, 0.000100
391, -22.6364, 0.0000, 0.000100
392, -18.7045, 0.0000, 0.000100
393, -24.1667, 0.0000, 0.000100
394, -18.7727, 0.0000, 0.000100
395, -17.8409, 0.0000, 0.000100
396, -19.4318, 0.0000, 0.000100
397, -20.0909, 0.0000, 0.000100
398, -24.6591, 0.0000, 0.000100
399, -24.2500, 0.0000, 0.000100
400, -18.3409, 0.0000, 0.000100
401, -18.8140, -0.0032, 0.000100
402, -18.3182, -0.0073, 0.000100
403, -21.9767, -0.0010, 0.000100
404, -17.0000, -0.0056, 0.000100
405, -19.8636, 0.0014, 0.000100
406, -24.0000, 0.0022, 0.000100
407, -18.5455, 0.0039, 0.000100
408, -22.8409, -0.0023, 0.000100
409, -21.2045, 0.0016, 0.000100
410, -19.7857, -0.0036, 0.000100
411, -21.0682, -0.0032, 0.000100
412, -20.6818, -0.0044, 0.000100
413, -21.2273, -0.0023, 0.000100
414, -19.5227, 0.0004, 0.000100
415, -20.3636, -0.0020, 0.000100
416, -22.8837, 0.0043, 0.000100
417, -23.0682, -0.0005, 0.000100
418, -23.8864, 0.0003, 0.000100
419, -16.8636, -0.0081, 0.000100
420, -18.5000, 0.0011, 0.000100
421, -20.0714, -0.0005, 0.000100
422, -19.2045, 0.0017, 0.000100
423, -17.4773, 0.0011, 0.000100
424, -20.0909, 0.0020, 0.000100
425, -21.3409, 0.0015, 0.000100
426, -20.1591, -0.0009, 0.000100
427, -18.6136, 0.0013, 0.000100
428, -20.0465, -0.0047, 0.000100
429, -23.7500, 0.0050, 0.000100
430, -20.0909, 0.0027, 0.000100
431, -22.9286, 0.0025, 0.000100
432, -19.2045, 0.0011, 0.000100
433, -17.4545, -0.0067, 0.000100
434, -19.4318, 0.0019, 0.000100
435, -15.4773, -0.0006, 0.000100
436, -19.0455, 0.0036, 0.000100
437, -20.1818, 0.0028, 0.000100
438, -22.5000, 0.0039, 0.000100
439, -16.9318, -0.0017, 0.000100
440, -25.7857, 0.0047, 0.000100
441, -22.2955, -0.0024, 0.000100
442, -22.7619, 0.0001, 0.000100
443, -19.6136, -0.0034, 0.000100
444, -21.6512, 0.0052, 0.000100
445, -22.0227, 0.0055, 0.000100
446, -22.1818, 0.0003, 0.000100
447, -17.0909, -0.0015, 0.000100
448, -20.7273, 0.0002, 0.000100
449, -24.9773, 0.0074, 0.000100
450, -19.9545, 0.0043, 0.000100
451, -21.0682, 0.0000, 0.000100
452, -15.3409, 0.0000, 0.000100
453, -23.7727, 0.0000, 0.000100
454, -24.2045, 0.0000, 0.000100
455, -23.8182, 0.0000, 0.000100
456, -17.2273, 0.0000, 0.000100
457, -19.0455, 0.0000, 0.000100
458, -23.3409, 0.0000, 0.000100
459, -19.6591, 0.0000, 0.000100
460, -19.8140, 0.0000, 0.000100
461, -18.6818, 0.0000, 0.000100
462, -17.5227, 0.0000, 0.000100
463, -19.8636, 0.0000, 0.000100
464, -20.7857, 0.0000, 0.000100
465, -20.0227, 0.0000, 0.000100
466, -18.1818, 0.0000, 0.000100
467, -21.5682, 0.0000, 0.000100
468, -17.9318, 0.0000, 0.000100
469, -18.5909, 0.0000, 0.000100
470, -21.4318, 0.0000, 0.000100
471, -21.2045, 0.0000, 0.000100
472, -23.5682, 0.0000, 0.000100
473, -16.3409, 0.0000, 0.000100
474, -22.6136, 0.0000, 0.000100
475, -21.3182, 0.0000, 0.000100
476, -18.7727, 0.0000, 0.000100
477, -19.5455, 0.0000, 0.000100
478, -23.3636, 0.0000, 0.000100
479, -24.9773, 0.0000, 0.000100
480, -17.3409, 0.0000, 0.000100
481, -22.3182, 0.0000, 0.000100
482, -21.6136, 0.0000, 0.000100
483, -20.3636, 0.0000, 0.000100
484, -26.5455, 0.0000, 0.000100
485, -23.2791, 0.0000, 0.000100
486, -17.8409, 0.0000, 0.000100
487, -21.0455, 0.0000, 0.000100
488, -20.5227, 0.0000, 0.000100
489, -22.0227, 0.0000, 0.000100
490, -21.4773, 0.0000, 0.000100
491, -17.8409, 0.0000, 0.000100
492, -17.4091, 0.0000, 0.000100
493, -24.5455, 0.0000, 0.000100
494, -19.7273, 0.0000, 0.000100
495, -21.5581, 0.0000, 0.000100
496, -23.0682, 0.0000, 0.000100
497, -18.8864, 0.0000, 0.000100
498, -19.7273, 0.0000, 0.000100
499, -16.2273, 0.0000, 0.000100
500, -14.1364, 0.0000, 0.000100
501, -23.9545, 0.0043, 0.000100
502, -21.2273, -0.0043, 0.000100
503, -18.1591, -0.0003, 0.000100
504, -23.2500, 0.0023, 0.000100
505, -19.7955, 0.0026, 0.000100
506, -22.9091, 0.0014, 0.000100
507, -17.3636, 0.0022, 0.000100
508, -18.6818, -0.0007, 0.000100
509, -18.7273, 0.0005, 0.000100
510, -20.1136, 0.0039, 0.000100
511, -18.4318, -0.0004, 0.000100
512, -15.1591, -0.0041, 0.000100
513, -21.7727, 0.0025, 0.000100
514, -19.7273, 0.0066, 0.000100
515, -18.4773, -0.0020, 0.000100
516, -28.0000, 0.0069, 0.000100
517, -17.2045, -0.0004, 0.000100
518, -23.0682, 0.0042, 0.000100
519, -19.6364, -0.0041, 0.000100
520, -18.6136, -0.0024, 0.000100
521, -19.7500, 0.0028, 0.000100
522, -16.0682, -0.0026, 0.000100
523, -22.4545, 0.0075, 0.000100
524, -17.2273, -0.0038, 0.000100
525, -22.0909, 0.0059, 0.000100
526, -24.2955, 0.0053, 0.000100
527, -22.2955, -0.0006, 0.000100
528, -18.3636, 0.0004, 0.000100
529, -20.6818, 0.0018, 0.000100
530, -18.5227, -0.0033, 0.000100
531, -15.1364, -0.0085, 0.000100
532, -20.7045, 0.0019, 0.000100
533, -17.6818, -0.0026, 0.000100
534, -17.7273, -0.0008, 0.000100
535, -18.8409, 0.0009, 0.000100
536, -19.8409, -0.0004, 0.000100
537, -20.6591, 0.0002, 0.000100
538, -24.3636, 0.0039, 0.000100
539, -16.4773, -0.0064, 0.000100
540, -18.8409, -0.0037, 0.000100
541, -18.5682, -0.0019, 0.000100
542, -20.5909, 0.0018, 0.000100
543, -20.7727, -0.0019, 0.000100
544, -30.0227, 0.0089, 0.000100
545, -22.0227, -0.0025, 0.000100
546, -18.2045, -0.0037, 0.000100
547, -20.7674, -0.0026, 0.000100
548, -21.4545, 0.0025, 0.000100
549, -15.4318, -0.0084, 0.000100
550, -17.5909, -0.0046, 0.000100
551, -19.6818, 0.0000, 0.000100
552, -19.5000, 0.0000, 0.000100
553, -18.0682, 0.0000, 0.000100
554, -20.6136, 0.0000, 0.000100
555, -21.4773, 0.0000, 0.000100
556, -23.9535, 0.0000, 0.000100
557, -18.6136, 0.0000, 0.000100
558, -20.7273, 0.0000, 0.000100
559, -22.5000, 0.0000, 0.000100
560, -19.4545, 0.0000, 0.000100
561, -23.1818, 0.0000, 0.000100
562, -17.4318, 0.0000, 0.000100
563, -20.2045, 0.0000, 0.000100
564, -19.9773, 0.0000, 0.000100
565, -19.0682, 0.0000, 0.000100
566, -16.4318, 0.0000, 0.000100
567, -24.3864, 0.0000, 0.000100
568, -21.4545, 0.0000, 0.000100
569, -18.5455, 0.0000, 0.000100
570, -16.5000, 0.0000, 0.000100
571, -20.2045, 0.0000, 0.000100
572, -18.5455, 0.0000, 0.000100
573, -16.2045, 0.0000, 0.000100
574, -17.3636, 0.0000, 0.000100
575, -24.2727, 0.0000, 0.000100
576, -19.4318, 0.0000, 0.000100
577, -20.9773, 0.0000, 0.000100
578, -20.4545, 0.0000, 0.000100
579, -19.8864, 0.0000, 0.000100
580, -18.0682, 0.0000, 0.000100
581, -17.0000, 0.0000, 0.000100
582, -22.0909, 0.0000, 0.000100
583, -17.3182, 0.0000, 0.000100
584, -16.5909, 0.0000, 0.000100
585, -23.1591, 0.0000, 0.000100
586, -23.0455, 0.0000, 0.000100
587, -21.2727, 0.0000, 0.000100
588, -23.3636, 0.0000, 0.000100
589, -16.1591, 0.0000, 0.000100
590, -18.3409, 0.0000, 0.000100
591, -19.1818, 0.0000, 0.000100
592, -18.3182, 0.0000, 0.000100
593, -24.1395, 0.0000, 0.000100
594, -17.4318, 0.0000, 0.000100
595, -16.9545, 0.0000, 0.000100
596, -19.5227, 0.0000, 0.000100
597, -21.6591, 0.0000, 0.000100
598, -23.2273, 0.0000, 0.000100
599, -17.6364, 0.0000, 0.000100
600, -22.2045, 0.0000, 0.000100
601, -17.7955, -0.0021, 0.000100
602, -19.2273, -0.0019, 0.000100
603, -18.9773, 0.0038, 0.000100
604, -25.0000, 0.0054, 0.000100
605, -18.3636, 0.0012, 0.000100
606, -14.5909, -0.0025, 0.000100
607, -17.7907, 0.0019, 0.000100
608, -20.9773, 0.0016, 0.000100
609, -14.2273, -0.0049, 0.000100
610, -22.1818, 0.0038, 0.000100
611, -24.5682, 0.0061, 0.000100
612, -20.7857, 0.0018, 0.000100
613, -17.3636, 0.0006, 0.000100
614, -16.4545, -0.0004, 0.000100
615, -18.8864, 0.0010, 0.000100
616, -20.9773, 0.0005, 0.000100
617, -16.5682, 0.0009, 0.000100
618, -23.3182, 0.0027, 0.000100
619, -18.3636, 0.0024, 0.000100
620, -19.8409, 0.0046, 0.000100
621, -22.7273, 0.0083, 0.000100
622, -14.4773, -0.0048, 0.000100
623, -21.5682, 0.0032, 0.000100
624, -20.4286, 0.0032, 0.000100
625, -22.7045, 0.0040, 0.000100
626, -16.8864, 0.0007, 0.000100
627, -18.1818, -0.0017, 0.000100
628, -18.3409, -0.0042, 0.000100
629, -21.6591, 0.0023, 0.000100
630, -18.4091, 0.0011, 0.000100
631, -20.1190, 0.0035, 0.000100
632, -24.1364, 0.0016, 0.000100
633, -18.5455, -0.0043, 0.000100
634, -18.6279, -0.0009, 0.000100
635, -16.9545, -0.0058, 0.000100
636, -16.7727, -0.0002, 0.000100
637, -23.6364, 0.0060, 0.000100
638, -21.3636, 0.0014, 0.000100
639, -18.3409, 0.0013, 0.000100
640, -18.5682, 0.0027, 0.000100
641, -16.3409, -0.0020, 0.000100
642, -18.6364, -0.0016, 0.000100
643, -16.5909, -0.0031, 0.000100
644, -15.7273, -0.0074, 0.000100
645, -18.8182, 0.0064, 0.000100
646, -21.3182, 0.0032, 0.000100
647, -18.9286, 0.0033, 0.000100
648, -19.6136, 0.0043, 0.000100
649, -22.2273, 0.0089, 0.000100
650, -14.5000, -0.0048, 0.000100
651, -20.8636, 0.0000, 0.000100
652, -25.1136, 0.0000, 0.000100
653, -16.6136, 0.0000, 0.000100
654, -18.1628, 0.0000, 0.000100
655, -22.1818, 0.0000, 0.000100
656, -18.2619, 0.0000, 0.000100
657, -16.3864, 0.0000, 0.000100
658, -19.8864, 0.0000, 0.000100
659, -20.2273, 0.0000, 0.000100
660, -20.2727, 0.0000, 0.000100
661, -17.7727, 0.0000, 0.000100
662, -18.4545, 0.0000, 0.000100
663, -17.9318, 0.0000, 0.000100
664, -22.8182, 0.0000, 0.000100
665, -17.5000, 0.0000, 0.000100
666, -22.0909, 0.0000, 0.000100
667, -22.4545, 0.0000, 0.000100
668, -21.2093, 0.0000, 0.000100
669, -15.7273, 0.0000, 0.000100
670, -15.2500, 0.0000, 0.000100
671, -17.2727, 0.0000, 0.000100
672, -20.5682, 0.0000, 0.000100
673, -17.3488, 0.0000, 0.000100
674, -18.2727, 0.0000, 0.000100
675, -15.6364, 0.0000, 0.000100
676, -22.5455, 0.0000, 0.000100
677, -19.2500, 0.0000, 0.000100
678, -19.2500, 0.0000, 0.000100
679, -20.2500, 0.0000, 0.000100
680, -22.9070, 0.0000, 0.000100
681, -18.5000, 0.0000, 0.000100
682, -19.5682, 0.0000, 0.000100
683, -18.9302, 0.0000, 0.000100
684, -25.5000, 0.0000, 0.000100
685, -20.1364, 0.0000, 0.000100
686, -19.4773, 0.0000, 0.000100
687, -19.6591, 0.0000, 0.000100
688, -17.4545, 0.0000, 0.000100
689, -23.4545, 0.0000, 0.000100
690, -18.6818, 0.0000, 0.000100
691, -21.7500, 0.0000, 0.000100
692, -22.2727, 0.0000, 0.000100
693, -21.8140, 0.0000, 0.000100
694, -21.2727, 0.0000, 0.000100
695, -19.6591, 0.0000, 0.000100
696, -16.5909, 0.0000, 0.000100
697, -28.1591, 0.0000, 0.000100
698, -18.3182, 0.0000, 0.000100
699, -19.9048, 0.0000, 0.000100
700, -21.1591, 0.0000, 0.000100
701, -17.8837, 0.0042, 0.000100
702, -17.7955, -0.0022, 0.000100
703, -22.3636, 0.0053, 0.000100
704, -17.6818, 0.0026, 0.000100
705, -17.8864, 0.0001, 0.000100
706, -16.5227, -0.0041, 0.000100
707, -23.5000, 0.0036, 0.000100
708, -17.5909, -0.0004, 0.000100
709, -17.2045, -0.0032, 0.000100
710, -20.6591, 0.0085, 0.000100
711, -20.6818, 0.0047, 0.000100
712, -19.3864, -0.0010, 0.000100
713, -16.7273, -0.0007, 0.000100
714, -22.5455, 0.0028, 0.000100
715, -15.3571, -0.0011, 0.000100
716, -20.3864, 0.0015, 0.000100
717, -18.4773, -0.0007, 0.000100
718, -19.2273, 0.0016, 0.000100
719, -18.0455, -0.0002, 0.000100
720, -18.0227, -0.0006, 0.000100
721, -15.6136, -0.0025, 0.000100
722, -21.8182, 0.0015, 0.000100
723, -18.5682, 0.0006, 0.000100
724, -22.4318, 0.0010, 0.000100
725, -19.4545, 0.0029, 0.000100
726, -19.5227, -0.0023, 0.000100
727, -22.0455, 0.0012, 0.000100
728, -20.8409, -0.0027, 0.000100
729, -21.4545, 0.0016, 0.000100
730, -16.2500, -0.0030, 0.000100
731, -17.5682, -0.0026, 0.000100
732, -18.8864, 0.0016, 0.000100
733, -19.9091, 0.0042, 0.000100
734, -17.2500, -0.0040, 0.000100
735, -18.4048, -0.0018, 0.000100
736, -25.7273, 0.0066, 0.000100
737, -26.0455, 0.0034, 0.000100
738, -24.0682, 0.0033, 0.000100
739, -19.9545, 0.0015, 0.000100
740, -14.7727, -0.0012, 0.000100
741, -24.0455, 0.0027, 0.000100
742, -20.3182, -0.0001, 0.000100
743, -18.2500, -0.0055, 0.000100
744, -18.1136, -0.0022, 0.000100
745, -16.3409, -0.0026, 0.000100
746, -16.9773, -0.0009, 0.000100
747, -17.4773, -0.0028, 0.000100
748, -20.4545, 0.0038, 0.000100
749, -22.9091, 0.0052, 0.000100
750, -23.5682, 0.0050, 0.000100
751, -20.7500, 0.0000, 0.000100
752, -22.2045, 0.0000, 0.000100
753, -22.5682, 0.0000, 0.000100
754, -17.9545, 0.0000, 0.000100
755, -18.2381, 0.0000, 0.000100
756, -16.4091, 0.0000, 0.000100
757, -16.2045, 0.0000, 0.000100
758, -23.8182, 0.0000, 0.000100
759, -19.2727, 0.0000, 0.000100
760, -18.3636, 0.0000, 0.000100
761, -17.1818, 0.0000, 0.000100
762, -21.4091, 0.0000, 0.000100
763, -20.2955, 0.0000, 0.000100
764, -16.0455, 0.0000, 0.000100
765, -22.5227, 0.0000, 0.000100
766, -19.5909, 0.0000, 0.000100
767, -22.0233, 0.0000, 0.000100
768, -18.7955, 0.0000, 0.000100
769, -18.7045, 0.0000, 0.000100
770, -22.7273, 0.0000, 0.000100
771, -14.8636, 0.0000, 0.000100
772, -16.3182, 0.0000, 0.000100
773, -19.5581, 0.0000, 0.000100
774, -20.5455, 0.0000, 0.000100
775, -19.9773, 0.0000, 0.000100
776, -26.9091, 0.0000, 0.000100
777, -18.1136, 0.0000, 0.000100
778, -23.2727, 0.0000, 0.000100
779, -17.8409, 0.0000, 0.000100
780, -17.5682, 0.0000, 0.000100
781, -17.4545, 0.0000, 0.000100
782, -15.5682, 0.0000, 0.000100
783, -22.3810, 0.0000, 0.000100
784, -21.4286, 0.0000, 0.000100
785, -20.3636, 0.0000, 0.000100
786, -18.8864, 0.0000, 0.000100
787, -16.3636, 0.0000, 0.000100
788, -18.2273, 0.0000, 0.000100
789, -16.0233, 0.0000, 0.000100
790, -19.2093, 0.0000, 0.000100
791, -16.0682, 0.0000, 0.000100
792, -15.7500, 0.0000, 0.000100
793, -19.2045, 0.0000, 0.000100
794, -18.7273, 0.0000, 0.000100
795, -19.7727, 0.0000, 0.000100
796, -21.0227, 0.0000, 0.000100
797, -14.7045, 0.0000, 0.000100
798, -24.0909, 0.0000, 0.000100
799, -15.9545, 0.0000, 0.000100
800, -25.2273, 0.0000, 0.000100
801, -18.2045, -0.0019, 0.000100
802, -18.0682, -0.0022, 0.000100
803, -23.1860, 0.0034, 0.000100
804, -18.0909, -0.0002, 0.000100
805, -15.2045, -0.0016, 0.000100
806, -15.6136, 0.0007, 0.000100
807, -21.4545, -0.0027, 0.000100
808, -22.5227, 0.0054, 0.000100
809, -22.3636, -0.0003, 0.000100
810, -17.5455, -0.0058, 0.000100
811, -17.2500, -0.0044, 0.000100
812, -21.1818, 0.0023, 0.000100
813, -21.3409, 0.0043, 0.000100
814, -18.4091, -0.0019, 0.000100
815, -22.5227, 0.0051, 0.000100
816, -17.8864, -0.0021, 0.000100
817, -13.9773, -0.0059, 0.000100
818, -24.8864, 0.0059, 0.000100
819, -16.0682, -0.0041, 0.000100
820, -16.3409, -0.0003, 0.000100
821, -16.9545, -0.0023, 0.000100
822, -19.2500, 0.0014, 0.000100
823, -17.0000, 0.0006, 0.000100
824, -18.0682, 0.0017, 0.000100
825, -17.3182, -0.0012, 0.000100
826, -18.9545, 0.0034, 0.000100
827, -18.9318, 0.0023, 0.000100
828, -18.7907, -0.0004, 0.000100
829, -18.3182, 0.0012, 0.000100
830, -19.6364, -0.0013, 0.000100
831, -19.3864, 0.0016, 0.000100
832, -23.7955, 0.0073, 0.000100
833, -20.6136, -0.0007, 0.000100
834, -15.9091, -0.0066, 0.000100
835, -18.9318, -0.0031, 0.000100
836, -15.6591, -0.0048, 0.000100
837, -17.9545, -0.0001, 0.000100
838, -19.3182, 0.0041, 0.000100
839, -19.0909, 0.0013, 0.000100
840, -16.5455, -0.0011, 0.000100
841, -21.0909, 0.0046, 0.000100
842, -15.6818, -0.0060, 0.000100
843, -19.9070, 0.0036, 0.000100
844, -18.3864, 0.0018, 0.000100
845, -17.5000, -0.0017, 0.000100
846, -20.1364, 0.0044, 0.000100
847, -15.7674, 0.0005, 0.000100
848, -23.2727, 0.0032, 0.000100
849, -18.9545, -0.0046, 0.000100
850, -17.7500, -0.0021, 0.000100
851, -20.8182, 0.0000, 0.000100
852, -16.3409, 0.0000, 0.000100
853, -17.1136, 0.0000, 0.000100
854, -17.7955, 0.0000, 0.000100
855, -18.3409, 0.0000, 0.000100
856, -17.6591, 0.0000, 0.000100
857, -20.2955, 0.0000, 0.000100
858, -17.2500, 0.0000, 0.000100
859, -19.6591, 0.0000, 0.000100
860, -19.2500, 0.0000, 0.000100
861, -16.4773, 0.0000, 0.000100
862, -21.2500, 0.0000, 0.000100
863, -16.0909, 0.0000, 0.000100
864, -16.4545, 0.0000, 0.000100
865, -15.7500, 0.0000, 0.000100
866, -15.2500, 0.0000, 0.000100
867, -20.2955, 0.0000, 0.000100
868, -20.0000, 0.0000, 0.000100
869, -21.0000, 0.0000, 0.000100
870, -15.7955, 0.0000, 0.000100
871, -24.0909, 0.0000, 0.000100
872, -18.8182, 0.0000, 0.000100
873, -15.0909, 0.0000, 0.000100
874, -18.0455, 0.0000, 0.000100
875, -22.4318, 0.0000, 0.000100
876, -19.3864, 0.0000, 0.000100
877, -20.7619, 0.0000, 0.000100
878, -20.8864, 0.0000, 0.000100
879, -22.3182, 0.0000, 0.000100
880, -14.4091, 0.0000, 0.000100
881, -28.3902, 0.0000, 0.000100
882, -22.9545, 0.0000, 0.000100
883, -20.0000, 0.0000, 0.000100
884, -16.8409, 0.0000, 0.000100
885, -21.9318, 0.0000, 0.000100
886, -19.3636, 0.0000, 0.000100
887, -21.1364, 0.0000, 0.000100
888, -18.7500, 0.0000, 0.000100
889, -21.9762, 0.0000, 0.000100
890, -20.2273, 0.0000, 0.000100
891, -19.2045, 0.0000, 0.000100
892, -21.3409, 0.0000, 0.000100
893, -16.6818, 0.0000, 0.000100
894, -18.3182, 0.0000, 0.000100
895, -21.6591, 0.0000, 0.000100
896, -21.4091, 0.0000, 0.000100
897, -15.0455, 0.0000, 0.000100
898, -20.9545, 0.0000, 0.000100
899, -16.7500, 0.0000, 0.000100
900, -16.0000, 0.0000, 0.000100
901, -20.1591, 0.0038, 0.000100
902, -16.9091, -0.0066, 0.000100
903, -19.6591, 0.0039, 0.000100
904, -20.4091, 0.0038, 0.000100
905, -22.7674, 0.0068, 0.000100
906, -18.8864, -0.0002, 0.000100
907, -17.4091, -0.0076, 0.000100
908, -21.1818, 0.0049, 0.000100
909, -17.2955, -0.0012, 0.000100
910, -21.0000, 0.0043, 0.000100
911, -19.4318, -0.0037, 0.000100
912, -22.0952, 0.0075, 0.000100
913, -17.6136, 0.0003, 0.000100
914, -17.4545, -0.0017, 0.000100
915, -18.3023, 0.0011, 0.000100
916, -20.9091, 0.0117, 0.000100
917, -15.1136, 0.0010, 0.000100
918, -18.4318, 0.0031, 0.000100
919, -22.4091, 0.0040, 0.000100
920, -18.5000, -0.0003, 0.000100
921, -20.7727, 0.0041, 0.000100
922, -16.2619, -0.0030, 0.000100
923, -21.0909, 0.0018, 0.000100
924, -24.3636, 0.0085, 0.000100
925, -14.7727, -0.0059, 0.000100
926, -15.3182, -0.0038, 0.000100
927, -20.4545, -0.0007, 0.000100
928, -18.3721, 0.0000, 0.000100
929, -17.9091, -0.0023, 0.000100
930, -21.5349, 0.0019, 0.000100
931, -20.4318, 0.0001, 0.000100
932, -19.9302, 0.0011, 0.000100
933, -25.3182, 0.0037, 0.000100
934, -17.2955, -0.0016, 0.000100
935, -16.0682, -0.0046, 0.000100
936, -17.9773, -0.0023, 0.000100
937, -20.4545, -0.0025, 0.000100
938, -17.0000, -0.0002, 0.000100
939, -20.0233, -0.0031, 0.000100
940, -19.8864, 0.0045, 0.000100
941, -20.3182, -0.0003, 0.000100
942, -16.0909, -0.0025, 0.000100
943, -22.2093, 0.0012, 0.000100
944, -22.6591, 0.0060, 0.000100
945, -21.5909, 0.0044, 0.000100
946, -17.5909, -0.0008, 0.000100
947, -18.8409, 0.0017, 0.000100
948, -19.3636, -0.0053, 0.000100
949, -18.4091, 0.0006, 0.000100
950, -20.6818, 0.0017, 0.000100
951, -21.7500, 0.0000, 0.000100
952, -22.5000, 0.0000, 0.000100
953, -17.5455, 0.0000, 0.000100
954, -20.0227, 0.0000, 0.000100
955, -18.2500, 0.0000, 0.000100
956, -18.2791, 0.0000, 0.000100
957, -23.7045, 0.0000, 0.000100
958, -16.7955, 0.0000, 0.000100
959, -21.2955, 0.0000, 0.000100
960, -18.8864, 0.0000, 0.000100
961, -15.7273, 0.0000, 0.000100
962, -21.1163, 0.0000, 0.000100
963, -16.7045, 0.0000, 0.000100
964, -22.1591, 0.0000, 0.000100
965, -18.8636, 0.0000, 0.000100
966, -18.9091, 0.0000, 0.000100
967, -19.6136, 0.0000, 0.000100
968, -19.3409, 0.0000, 0.000100
969, -17.2045, 0.0000, 0.000100
970, -22.3182, 0.0000, 0.000100
971, -16.4091, 0.0000, 0.000100
972, -19.4318, 0.0000, 0.000100
973, -19.8636, 0.0000, 0.000100
974, -22.2727, 0.0000, 0.000100
975, -17.0909, 0.0000, 0.000100
976, -17.9091, 0.0000, 0.000100
977, -17.0227, 0.0000, 0.000100
978, -16.0227, 0.0000, 0.000100
979, -22.1364, 0.0000, 0.000100
980, -19.6364, 0.0000, 0.000100
981, -14.7045, 0.0000, 0.000100
982, -16.2273, 0.0000, 0.000100
983, -18.3023, 0.0000, 0.000100
984, -21.2273, 0.0000, 0.000100
985, -18.7273, 0.0000, 0.000100
986, -17.8636, 0.0000, 0.000100
987, -18.7273, 0.0000, 0.000100
988, -19.7045, 0.0000, 0.000100
989, -21.2045, 0.0000, 0.000100
990, -22.0000, 0.0000, 0.000100
991, -21.0227, 0.0000, 0.000100
992, -19.5116, 0.0000, 0.000100
993, -19.8864, 0.0000, 0.000100
994, -17.8636, 0.0000, 0.000100
995, -22.3864, 0.0000, 0.000100
996, -21.4091, 0.0000, 0.000100
997, -20.6818, 0.0000, 0.000100
998, -19.2500, 0.0000, 0.000100
999, -16.3256, 0.0000, 0.000100
1000, -16.6364, 0.0000, 0.000100
1001, -17.5682, 0.0012, 0.000100
1002, -20.3636, -0.0025, 0.000100
1003, -17.9773, -0.0010, 0.000100
1004, -19.3864, -0.0023, 0.000100
1005, -24.6818, 0.0037, 0.000100
1006, -20.9070, 0.0054, 0.000100
1007, -15.9318, -0.0020, 0.000100
1008, -23.6190, 0.0087, 0.000100
1009, -19.6136, 0.0036, 0.000100
1010, -12.4318, -0.0061, 0.000100
1011, -20.8636, -0.0012, 0.000100
1012, -21.0000, 0.0015, 0.000100
1013, -15.7727, -0.0015, 0.000100
1014, -18.2727, 0.0010, 0.000100
1015, -18.4318, -0.0003, 0.000100
1016, -15.5909, -0.0044, 0.000100
1017, -16.4773, -0.0015, 0.000100
1018, -14.6591, -0.0046, 0.000100
1019, -16.8182, -0.0000, 0.000100
1020, -21.6818, 0.0022, 0.000100
1021, -19.4091, -0.0010, 0.000100
1022, -20.6818, 0.0000, 0.000100
1023, -18.3023, 0.0023, 0.000100
1024, -21.5455, 0.0064, 0.000100
1025, -17.3409, -0.0078, 0.000100
1026, -18.4545, -0.0015, 0.000100
1027, -23.0227, 0.0064, 0.000100
1028, -23.4773, 0.0053, 0.000100
1029, -17.8864, 0.0002, 0.000100
1030, -17.2045, -0.0063, 0.000100
1031, -17.8182, -0.0028, 0.000100
1032, -14.0682, -0.0087, 0.000100
1033, -20.5238, 0.0016, 0.000100
1034, -15.9545, -0.0010, 0.000100
1035, -19.6429, 0.0002, 0.000100
1036, -17.3023, -0.0061, 0.000100
1037, -17.5682, -0.0036, 0.000100
1038, -15.8864, -0.0111, 0.000100
1039, -16.7500, -0.0002, 0.000100
1040, -20.0909, 0.0047, 0.000100
1041, -16.9545, 0.0016, 0.000100
1042, -22.1818, 0.0084, 0.000100
1043, -18.5227, 0.0011, 0.000100
1044, -18.3409, -0.0050, 0.000100
1045, -16.5227, -0.0029, 0.000100
1046, -17.7500, -0.0025, 0.000100
1047, -17.9545, -0.0004, 0.000100
1048, -17.6136, -0.0016, 0.000100
1049, -14.2500, -0.0031, 0.000100
1050, -20.0455, 0.0067, 0.000100
1051, -15.2955, 0.0000, 0.000100
1052, -19.1364, 0.0000, 0.000100
1053, -13.8864, 0.0000, 0.000100
1054, -18.7727, 0.0000, 0.000100
1055, -16.3182, 0.0000, 0.000100
1056, -19.6591, 0.0000, 0.000100
1057, -17.4091, 0.0000, 0.000100
1058, -17.4545, 0.0000, 0.000100
1059, -22.3409, 0.0000, 0.000100
1060, -19.5455, 0.0000, 0.000100
1061, -19.2045, 0.0000, 0.000100
1062, -16.5455, 0.0000, 0.000100
1063, -14.7045, 0.0000, 0.000100
1064, -19.0455, 0.0000, 0.000100
1065, -20.0000, 0.0000, 0.000100
1066, -19.4545, 0.0000, 0.000100
1067, -22.2857, 0.0000, 0.000100
1068, -17.9070, 0.0000, 0.000100
1069, -15.7955, 0.0000, 0.000100
1070, -20.0227, 0.0000, 0.000100
1071, -16.2500, 0.0000, 0.000100
1072, -16.9091, 0.0000, 0.000100
1073, -13.1136, 0.0000, 0.000100
1074, -17.6818, 0.0000, 0.000100
1075, -14.4318, 0.0000, 0.000100
1076, -20.7955, 0.0000, 0.000100
1077, -21.0714, 0.0000, 0.000100
1078, -12.5227, 0.0000, 0.000100
1079, -15.9773, 0.0000, 0.000100
1080, -17.8409, 0.0000, 0.000100
1081, -24.3409, 0.0000, 0.000100
1082, -16.7273, 0.0000, 0.000100
1083, -21.6591, 0.0000, 0.000100
1084, -14.0455, 0.0000, 0.000100
1085, -16.9545, 0.0000, 0.000100
1086, -20.0000, 0.0000, 0.000100
1087, -20.2955, 0.0000, 0.000100
1088, -16.0682, 0.0000, 0.000100
1089, -18.6136, 0.0000, 0.000100
1090, -18.6364, 0.0000, 0.000100
1091, -15.7045, 0.0000, 0.000100
1092, -19.1136, 0.0000, 0.000100
1093, -17.3182, 0.0000, 0.000100
1094, -12.9773, 0.0000, 0.000100
1095, -16.1364, 0.0000, 0.000100
1096, -18.5682, 0.0000, 0.000100
1097, -20.3409, 0.0000, 0.000100
1098, -15.9070, 0.0000, 0.000100
1099, -17.7045, 0.0000, 0.000100
1100, -18.2500, 0.0000, 0.000100
1101, -17.2955, 0.0008, 0.000100
1102, -17.2500, 0.0036, 0.000100
1103, -19.9545, 0.0034, 0.000100
1104, -17.4884, -0.0062, 0.000100
1105, -14.2045, -0.0064, 0.000100
1106, -19.1591, 0.0037, 0.000100
1107, -17.7045, 0.0063, 0.000100
1108, -14.0455, -0.0001, 0.000100
1109, -13.9773, -0.0026, 0.000100
1110, -19.0682, 0.0035, 0.000100
1111, -18.5682, -0.0030, 0.000100
1112, -22.5455, 0.0030, 0.000100
1113, -19.9318, 0.0003, 0.000100
1114, -18.2500, -0.0026, 0.000100
1115, -17.5455, -0.0028, 0.000100
1116, -16.8409, -0.0012, 0.000100
1117, -14.5000, -0.0033, 0.000100
1118, -16.6591, 0.0021, 0.000100
1119, -19.5682, -0.0004, 0.000100
1120, -20.1591, -0.0003, 0.000100
1121, -19.4186, -0.0009, 0.000100
1122, -20.7273, 0.0007, 0.000100
1123, -14.7500, -0.0066, 0.000100
1124, -15.0000, -0.0020, 0.000100
1125, -18.8409, -0.0021, 0.000100
1126, -17.7955, -0.0007, 0.000100
1127, -16.7727, -0.0033, 0.000100
1128, -20.9545, 0.0030, 0.000100
1129, -19.4186, 0.0020, 0.000100
1130, -13.7727, -0.0037, 0.000100
1131, -20.4545, 0.0100, 0.000100
1132, -18.8182, 0.0025, 0.000100
1133, -16.0909, -0.0010, 0.000100
1134, -19.7045, -0.0012, 0.000100
1135, -15.2955, -0.0003, 0.000100
1136, -13.1136, -0.0066, 0.000100
1137, -17.5455, 0.0030, 0.000100
1138, -19.1591, 0.0043, 0.000100
1139, -15.8636, -0.0024, 0.000100
1140, -15.9545, 0.0026, 0.000100
1141, -16.6591, 0.0031, 0.000100
1142, -20.1136, 0.0052, 0.000100
1143, -17.1818, 0.0017, 0.000100
1144, -18.0227, -0.0022, 0.000100
1145, -16.3636, 0.0014, 0.000100
1146, -21.7727, 0.0024, 0.000100
1147, -18.4545, -0.0019, 0.000100
1148, -16.0000, 0.0014, 0.000100
1149, -21.2273, 0.0051, 0.000100
1150, -18.1364, 0.0036, 0.000100
1151, -17.2727, 0.0000, 0.000100
1152, -13.6591, 0.0000, 0.000100
1153, -18.8636, 0.0000, 0.000100
1154, -16.3864, 0.0000, 0.000100
1155, -16.8409, 0.0000, 0.000100
1156, -14.5227, 0.0000, 0.000100
1157, -20.5349, 0.0000, 0.000100
1158, -15.3636, 0.0000, 0.000100
1159, -16.1395, 0.0000, 0.000100
1160, -19.9545, 0.0000, 0.000100
1161, -15.3409, 0.0000, 0.000100
1162, -23.8571, 0.0000, 0.000100
1163, -15.5455, 0.0000, 0.000100
1164, -16.0455, 0.0000, 0.000100
1165, -14.7727, 0.0000, 0.000100
1166, -15.3636, 0.0000, 0.000100
1167, -19.4545, 0.0000, 0.000100
1168, -19.2558, 0.0000, 0.000100
1169, -19.9091, 0.0000, 0.000100
1170, -16.0682, 0.0000, 0.000100
1171, -18.8605, 0.0000, 0.000100
1172, -14.3409, 0.0000, 0.000100
1173, -18.0682, 0.0000, 0.000100
1174, -18.0909, 0.0000, 0.000100
1175, -17.5000, 0.0000, 0.000100
1176, -15.6364, 0.0000, 0.000100
1177, -16.5455, 0.0000, 0.000100
1178, -15.8864, 0.0000, 0.000100
1179, -20.5455, 0.0000, 0.000100
1180, -20.7045, 0.0000, 0.000100
1181, -20.7045, 0.0000, 0.000100
1182, -16.6364, 0.0000, 0.000100
1183, -20.1136, 0.0000, 0.000100
1184, -19.1818, 0.0000, 0.000100
1185, -16.6591, 0.0000, 0.000100
1186, -19.4773, 0.0000, 0.000100
1187, -22.1364, 0.0000, 0.000100
1188, -20.2619, 0.0000, 0.000100
1189, -17.6364, 0.0000, 0.000100
1190, -18.7045, 0.0000, 0.000100
1191, -17.8409, 0.0000, 0.000100
1192, -17.0000, 0.0000, 0.000100
1193, -14.6136, 0.0000, 0.000100
1194, -19.3636, 0.0000, 0.000100
1195, -15.1591, 0.0000, 0.000100
1196, -12.9091, 0.0000, 0.000100
1197, -16.9773, 0.0000, 0.000100
1198, -12.8864, 0.0000, 0.000100
1199, -23.8140, 0.0000, 0.000100
1200, -18.7442, 0.0000, 0.000100
1201, -18.3409, 0.0056, 0.000100
1202, -17.5682, -0.0006, 0.000100
1203, -16.6136, -0.0041, 0.000100
1204, -18.2273, -0.0016, 0.000100
1205, -19.3409, 0.0048, 0.000100
1206, -17.0000, -0.0039, 0.000100
1207, -15.7727, -0.0001, 0.000100
1208, -18.0227, -0.0016, 0.000100
1209, -17.0227, 0.0011, 0.000100
1210, -21.0930, -0.0001, 0.000100
1211, -16.0000, -0.0026, 0.000100
1212, -16.7727, -0.0025, 0.000100
1213, -20.0455, 0.0039, 0.000100
1214, -15.7273, -0.0043, 0.000100
1215, -12.1364, -0.0060, 0.000100
1216, -20.2955, 0.0038, 0.000100
1217, -13.2045, -0.0048, 0.000100
1218, -22.1395, 0.0068, 0.000100
1219, -16.1818, -0.0064, 0.000100
1220, -13.2273, -0.0054, 0.000100
1221, -19.1364, 0.0036, 0.000100
1222, -15.8636, -0.0033, 0.000100
1223, -16.5455, 0.0000, 0.000100
1224, -17.6364, -0.0000, 0.000100
1225, -18.8140, 0.0059, 0.000100
1226, -15.2727, -0.0025, 0.000100
1227, -16.2045, 0.0017, 0.000100
1228, -20.0698, 0.0033, 0.000100
1229, -17.8182, 0.0021, 0.000100
1230, -18.5349, 0.0050, 0.000100
1231, -18.7955, 0.0046, 0.000100
1232, -18.1818, -0.0005, 0.000100
1233, -17.4091, 0.0007, 0.000100
1234, -18.0909, 0.0054, 0.000100
1235, -16.1136, 0.0016, 0.000100
1236, -18.1364, 0.0039, 0.000100
1237, -19.9091, 0.0080, 0.000100
1238, -21.3409, 0.0047, 0.000100
1239, -15.5227, -0.0031, 0.000100
1240, -19.1136, 0.0004, 0.000100
1241, -17.2727, -0.0050, 0.000100
1242, -16.7500, -0.0002, 0.000100
1243, -18.8636, -0.0008, 0.000100
1244, -17.4318, -0.0006, 0.000100
1245, -15.2273, -0.0038, 0.000100
1246, -19.9318, -0.0054, 0.000100
1247, -22.3182, -0.0005, 0.000100
1248, -17.0000, 0.0041, 0.000100
1249, -22.7727, 0.0039, 0.000100
1250, -16.4318, -0.0031, 0.000100
1251, -19.9091, 0.0000, 0.000100
1252, -15.1591, 0.0000, 0.000100
1253, -16.3864, 0.0000, 0.000100
1254, -14.8864, 0.0000, 0.000100
1255, -11.9091, 0.0000, 0.000100
1256, -20.6591, 0.0000, 0.000100
1257, -16.9318, 0.0000, 0.000100
1258, -15.8636, 0.0000, 0.000100
1259, -16.6591, 0.0000, 0.000100
1260, -15.7727, 0.0000, 0.000100
1261, -17.5909, 0.0000, 0.000100
1262, -21.0455, 0.0000, 0.000100
1263, -14.9773, 0.0000, 0.000100
1264, -13.7273, 0.0000, 0.000100
1265, -14.3409, 0.0000, 0.000100
1266, -16.0000, 0.0000, 0.000100
1267, -19.0455, 0.0000, 0.000100
1268, -15.2727, 0.0000, 0.000100
1269, -16.4318, 0.0000, 0.000100
1270, -19.5227, 0.0000, 0.000100
1271, -16.9545, 0.0000, 0.000100
1272, -17.8409, 0.0000, 0.000100
1273, -16.9773, 0.0000, 0.000100
1274, -20.4545, 0.0000, 0.000100
1275, -18.9318, 0.0000, 0.000100
1276, -17.8864, 0.0000, 0.000100
1277, -17.9091, 0.0000, 0.000100
1278, -17.5000, 0.0000, 0.000100
1279, -17.6591, 0.0000, 0.000100
1280, -16.4091, 0.0000, 0.000100
1281, -17.7727, 0.0000, 0.000100
1282, -15.5227, 0.0000, 0.000100
1283, -18.7045, 0.0000, 0.000100
1284, -12.1591, 0.0000, 0.000100
1285, -18.6818, 0.0000, 0.000100
1286, -16.3864, 0.0000, 0.000100
1287, -17.4773, 0.0000, 0.000100
1288, -21.8182, 0.0000, 0.000100
1289, -14.8636, 0.0000, 0.000100
1290, -17.5455, 0.0000, 0.000100
1291, -17.6818, 0.0000, 0.000100
1292, -17.1818, 0.0000, 0.000100
1293, -14.2093, 0.0000, 0.000100
1294, -17.7045, 0.0000, 0.000100
1295, -13.8409, 0.0000, 0.000100
1296, -19.1136, 0.0000, 0.000100
1297, -17.9318, 0.0000, 0.000100
1298, -17.4773, 0.0000, 0.000100
1299, -16.5238, 0.0000, 0.000100
1300, -19.0909, 0.0000, 0.000100
1301, -16.8864, -0.0013, 0.000100
1302, -14.8636, -0.0062, 0.000100
1303, -15.5000, -0.0024, 0.000100
1304, -17.7955, 0.0010, 0.000100
1305, -17.7955, 0.0059, 0.000100
1306, -12.9545, -0.0043, 0.000100
1307, -16.1591, 0.0023, 0.000100
1308, -19.9545, 0.0042, 0.000100
1309, -20.1591, 0.0042, 0.000100
1310, -18.1136, -0.0021, 0.000100
1311, -20.3636, 0.0010, 0.000100
1312, -21.7727, 0.0008, 0.000100
1313, -17.9091, -0.0064, 0.000100
1314, -15.5000, -0.0054, 0.000100
1315, -16.3182, -0.0010, 0.000100
1316, -17.5455, 0.0031, 0.000100
1317, -15.4545, -0.0042, 0.000100
1318, -19.2045, 0.0040, 0.000100
1319, -18.4419, 0.0009, 0.000100
1320, -16.0465, -0.0013, 0.000100
1321, -16.5909, -0.0008, 0.000100
1322, -14.7273, -0.0028, 0.000100
1323, -17.5116, 0.0001, 0.000100
1324, -19.4545, 0.0012, 0.000100
1325, -19.7727, 0.0049, 0.000100
1326, -19.3864, -0.0000, 0.000100
1327, -20.2045, 0.0010, 0.000100
1328, -17.2955, 0.0045, 0.000100
1329, -16.6364, -0.0019, 0.000100
1330, -20.3182, 0.0038, 0.000100
1331, -18.9091, 0.0014, 0.000100
1332, -20.3182, 0.0025, 0.000100
1333, -18.6591, 0.0006, 0.000100
1334, -17.3864, -0.0063, 0.000100
1335, -17.5682, 0.0012, 0.000100
1336, -15.8864, -0.0017, 0.000100
1337, -17.5000, -0.0050, 0.000100
1338, -19.8864, -0.0003, 0.000100
1339, -14.2045, -0.0051, 0.000100
1340, -18.2955, -0.0030, 0.000100
1341, -14.0909, -0.0057, 0.000100
1342, -15.5227, -0.0026, 0.000100
1343, -17.1136, 0.0001, 0.000100
1344, -19.9545, 0.0033, 0.000100
1345, -20.7955, 0.0042, 0.000100
1346, -14.2045, -0.0028, 0.000100
1347, -18.5227, 0.0025, 0.000100
1348, -16.6136, -0.0015, 0.000100
1349, -16.7727, 0.0016, 0.000100
1350, -16.5227, -0.0025, 0.000100
1351, -19.2500, 0.0000, 0.000100
1352, -17.2500, 0.0000, 0.000100
1353, -19.4545, 0.0000, 0.000100
1354, -19.4091, 0.0000, 0.000100
1355, -15.2500, 0.0000, 0.000100
1356, -15.6591, 0.0000, 0.000100
1357, -21.8636, 0.0000, 0.000100
1358, -15.8409, 0.0000, 0.000100
1359, -18.1395, 0.0000, 0.000100
1360, -15.0000, 0.0000, 0.000100
1361, -19.1136, 0.0000, 0.000100
1362, -19.2955, 0.0000, 0.000100
1363, -18.4773, 0.0000, 0.000100
1364, -20.7381, 0.0000, 0.000100
1365, -18.2727, 0.0000, 0.000100
1366, -17.4091, 0.0000, 0.000100
1367, -18.5909, 0.0000, 0.000100
1368, -19.0682, 0.0000, 0.000100
1369, -17.5227, 0.0000, 0.000100
1370, -14.0000, 0.0000, 0.000100
1371, -17.2727, 0.0000, 0.000100
1372, -14.8864, 0.0000, 0.000100
1373, -16.1818, 0.0000, 0.000100
1374, -19.1136, 0.0000, 0.000100
1375, -17.4773, 0.0000, 0.000100
1376, -15.7045, 0.0000, 0.000100
1377, -19.0455, 0.0000, 0.000100
1378, -18.2727, 0.0000, 0.000100
1379, -23.7045, 0.0000, 0.000100
1380, -13.0227, 0.0000, 0.000100
1381, -19.0682, 0.0000, 0.000100
1382, -19.3721, 0.0000, 0.000100
1383, -17.8864, 0.0000, 0.000100
1384, -16.6364, 0.0000, 0.000100
1385, -18.5814, 0.0000, 0.000100
1386, -17.7955, 0.0000, 0.000100
1387, -15.0455, 0.0000, 0.000100
1388, -18.1136, 0.0000, 0.000100
1389, -18.0455, 0.0000, 0.000100
1390, -16.3636, 0.0000, 0.000100
1391, -20.6818, 0.0000, 0.000100
1392, -15.2273, 0.0000, 0.000100
1393, -17.6136, 0.0000, 0.000100
1394, -15.3864, 0.0000, 0.000100
1395, -19.3636, 0.0000, 0.000100
1396, -18.1364, 0.0000, 0.000100
1397, -13.6977, 0.0000, 0.000100
1398, -17.2955, 0.0000, 0.000100
1399, -15.6279, 0.0000, 0.000100
1400, -17.4419, 0.0000, 0.000100
1401, -19.7955, 0.0038, 0.000100
1402, -16.6136, -0.0011, 0.000100
1403, -15.6364, -0.0007, 0.000100
1404, -15.3636, -0.0042, 0.000100
1405, -18.0227, -0.0004, 0.000100
1406, -17.8182, 0.0026, 0.000100
1407, -21.0455, 0.0040, 0.000100
1408, -22.0455, 0.0028, 0.000100
1409, -17.3182, 0.0000, 0.000100
1410, -20.3721, 0.0008, 0.000100
1411, -18.0227, -0.0027, 0.000100
1412, -15.7273, -0.0042, 0.000100
1413, -18.2500, -0.0027, 0.000100
1414, -17.5909, 0.0016, 0.000100
1415, -15.5000, -0.0015, 0.000100
1416, -18.2045, 0.0037, 0.000100
1417, -18.2045, 0.0011, 0.000100
1418, -19.5000, 0.0016, 0.000100
1419, -16.9091, -0.0022, 0.000100
1420, -17.7045, 0.0035, 0.000100
1421, -19.0227, 0.0048, 0.000100
1422, -22.0000, 0.0014, 0.000100
1423, -19.6591, 0.0056, 0.000100
1424, -17.4091, -0.0018, 0.000100
1425, -17.0682, -0.0022, 0.000100
1426, -15.7045, -0.0015, 0.000100
1427, -19.4091, 0.0009, 0.000100
1428, -15.8864, 0.0014, 0.000100
1429, -15.8182, 0.0019, 0.000100
1430, -12.9091, -0.0038, 0.000100
1431, -18.3864, 0.0074, 0.000100
1432, -17.0455, 0.0051, 0.000100
1433, -14.8409, -0.0006, 0.000100
1434, -15.1136, -0.0011, 0.000100
1435, -14.9318, 0.0040, 0.000100
1436, -13.7955, -0.0002, 0.000100
1437, -13.6977, 0.0005, 0.000100
1438, -17.7273, 0.0032, 0.000100
1439, -16.1136, -0.0010, 0.000100
1440, -15.3864, 0.0005, 0.000100
1441, -15.5909, 0.0015, 0.000100
1442, -16.4651, -0.0036, 0.000100
1443, -17.4318, 0.0024, 0.000100
1444, -16.9091, 0.0008, 0.000100
1445, -12.2273, -0.0049, 0.000100
1446, -17.7500, 0.0034, 0.000100
1447, -22.3488, 0.0041, 0.000100
1448, -17.0455, -0.0000, 0.000100
1449, -18.7727, 0.0011, 0.000100
1450, -14.4091, -0.0069, 0.000100
1451, -13.9545, 0.0000, 0.000100
1452, -18.6279, 0.0000, 0.000100
1453, -15.7273, 0.0000, 0.000100
1454, -17.1818, 0.0000, 0.000100
1455, -23.2955, 0.0000, 0.000100
1456, -15.2791, 0.0000, 0.000100
1457, -15.8182, 0.0000, 0.000100
1458, -18.2955, 0.0000, 0.000100
1459, -16.8636, 0.0000, 0.000100
1460, -21.7727, 0.0000, 0.000100
1461, -14.8864, 0.0000, 0.000100
1462, -20.8409, 0.0000, 0.000100
1463, -17.0455, 0.0000, 0.000100
1464, -17.7955, 0.0000, 0.000100
1465, -17.6591, 0.0000, 0.000100
1466, -16.2500, 0.0000, 0.000100
1467, -15.2273, 0.0000, 0.000100
1468, -18.7273, 0.0000, 0.000100
1469, -17.9318, 0.0000, 0.000100
1470, -19.5682, 0.0000, 0.000100
1471, -17.6591, 0.0000, 0.000100
1472, -17.4318, 0.0000, 0.000100
1473, -12.8864, 0.0000, 0.000100
1474, -18.0682, 0.0000, 0.000100
1475, -14.0682, 0.0000, 0.000100
1476, -17.2955, 0.0000, 0.000100
1477, -13.8182, 0.0000, 0.000100
1478, -19.7273, 0.0000, 0.000100
1479, -17.9091, 0.0000, 0.000100
1480, -16.9545, 0.0000, 0.000100
1481, -16.8409, 0.0000, 0.000100
1482, -17.4318, 0.0000, 0.000100
1483, -21.3182, 0.0000, 0.000100
1484, -18.9767, 0.0000, 0.000100
1485, -16.9524, 0.0000, 0.000100
1486, -19.5682, 0.0000, 0.000100
1487, -20.6190, 0.0000, 0.000100
1488, -19.8409, 0.0000, 0.000100
1489, -17.6279, 0.0000, 0.000100
1490, -17.8182, 0.0000, 0.000100
1491, -18.1136, 0.0000, 0.000100
1492, -14.5000, 0.0000, 0.000100
1493, -21.2326, 0.0000, 0.000100
1494, -19.3636, 0.0000, 0.000100
1495, -14.3409, 0.0000, 0.000100
1496, -18.3409, 0.0000, 0.000100
1497, -19.3721, 0.0000, 0.000100
1498, -13.0909, 0.0000, 0.000100
1499, -18.4091, 0.0000, 0.000100
1500, -19.5682, 0.0000, 0.000100
1501, -17.2273, -0.0019, 0.000100
1502, -16.2955, -0.0036, 0.000100
1503, -17.3182, 0.0030, 0.000100
1504, -11.6364, -0.0073, 0.000100
1505, -17.4773, 0.0019, 0.000100
1506, -18.5455, 0.0028, 0.000100
1507, -18.6136, 0.0048, 0.000100
1508, -19.8372, 0.0051, 0.000100
1509, -15.7273, 0.0021, 0.000100
1510, -19.2273, 0.0031, 0.000100
1511, -15.5909, -0.0024, 0.000100
1512, -19.2955, 0.0001, 0.000100
1513, -17.2500, 0.0016, 0.000100
1514, -17.2273, -0.0002, 0.000100
1515, -15.6364, -0.0021, 0.000100
1516, -20.3636, 0.0005, 0.000100
1517, -19.1136, 0.0022, 0.000100
1518, -19.6744, 0.0087, 0.000100
1519, -19.2727, -0.0022, 0.000100
1520, -16.8409, 0.0029, 0.000100
1521, -20.2727, 0.0016, 0.000100
1522, -14.6591, -0.0025, 0.000100
1523, -16.4318, -0.0013, 0.000100
1524, -16.8636, 0.0007, 0.000100
1525, -15.2955, -0.0041, 0.000100
1526, -16.3409, -0.0034, 0.000100
1527, -17.9070, -0.0037, 0.000100
1528, -13.6364, -0.0031, 0.000100
1529, -14.3636, -0.0021, 0.000100
1530, -16.0000, 0.0003, 0.000100
1531, -15.0909, 0.0020, 0.000100
1532, -19.4318, 0.0034, 0.000100
1533, -13.5227, -0.0081, 0.000100
1534, -14.3864, 0.0014, 0.000100
1535, -15.5682, 0.0016, 0.000100
1536, -21.5116, 0.0087, 0.000100
1537, -17.8095, 0.0015, 0.000100
1538, -20.3182, 0.0009, 0.000100
1539, -14.0000, -0.0080, 0.000100
1540, -18.4091, -0.0028, 0.000100
1541, -16.7273, -0.0020, 0.000100
1542, -15.7045, 0.0003, 0.000100
1543, -18.1818, -0.0004, 0.000100
1544, -17.5227, 0.0013, 0.000100
1545, -15.8409, -0.0001, 0.000100
1546, -16.4091, 0.0003, 0.000100
1547, -18.7500, 0.0032, 0.000100
1548, -16.7381, -0.0020, 0.000100
1549, -14.0455, -0.0031, 0.000100
1550, -20.0000, 0.0053, 0.000100
1551, -15.6364, 0.0000, 0.000100
1552, -15.2727, 0.0000, 0.000100
1553, -16.9318, 0.0000, 0.000100
1554, -14.0682, 0.0000, 0.000100
1555, -13.8864, 0.0000, 0.000100
1556, -16.0909, 0.0000, 0.000100
1557, -15.5227, 0.0000, 0.000100
1558, -18.4091, 0.0000, 0.000100
1559, -15.2273, 0.0000, 0.000100
1560, -15.4545, 0.0000, 0.000100
1561, -21.7045, 0.0000, 0.000100
1562, -15.1818, 0.0000, 0.000100
1563, -16.6364, 0.0000, 0.000100
1564, -18.5682, 0.0000, 0.000100
1565, -17.8333, 0.0000, 0.000100
1566, -14.2045, 0.0000, 0.000100
1567, -16.4318, 0.0000, 0.000100
1568, -16.5455, 0.0000, 0.000100
1569, -17.1591, 0.0000, 0.000100
1570, -18.5682, 0.0000, 0.000100
1571, -14.3636, 0.0000, 0.000100
1572, -18.5227, 0.0000, 0.000100
1573, -14.2273, 0.0000, 0.000100
1574, -15.4773, 0.0000, 0.000100
1575, -17.2727, 0.0000, 0.000100
1576, -15.9545, 0.0000, 0.000100
1577, -14.1364, 0.0000, 0.000100
1578, -14.4773, 0.0000, 0.000100
1579, -17.6591, 0.0000, 0.000100
1580, -14.6818, 0.0000, 0.000100
1581, -16.1136, 0.0000, 0.000100
1582, -18.4091, 0.0000, 0.000100
1583, -18.7045, 0.0000, 0.000100
1584, -15.6591, 0.0000, 0.000100
1585, -14.7045, 0.0000, 0.000100
1586, -17.0455, 0.0000, 0.000100
1587, -17.5000, 0.0000, 0.000100
1588, -22.2558, 0.0000, 0.000100
1589, -14.0455, 0.0000, 0.000100
1590, -16.2727, 0.0000, 0.000100
1591, -23.7955, 0.0000, 0.000100
1592, -15.2273, 0.0000, 0.000100
1593, -18.4091, 0.0000, 0.000100
1594, -19.7045, 0.0000, 0.000100
1595, -19.2727, 0.0000, 0.000100
1596, -16.2045, 0.0000, 0.000100
1597, -15.0455, 0.0000, 0.000100
1598, -18.5227, 0.0000, 0.000100
1599, -24.4651, 0.0000, 0.000100
1600, -16.5682, 0.0000, 0.000100
1601, -17.6364, 0.0027, 0.000100
1602, -14.0455, -0.0018, 0.000100
1603, -15.3636, -0.0004, 0.000100
1604, -17.0455, 0.0032, 0.000100
1605, -15.7500, -0.0018, 0.000100
1606, -15.4091, 0.0009, 0.000100
1607, -20.2727, 0.0039, 0.000100
1608, -17.9091, 0.0019, 0.000100
1609, -20.3636, 0.0083, 0.000100
1610, -15.6512, -0.0031, 0.000100
1611, -19.7500, 0.0015, 0.000100
1612, -17.5227, -0.0026, 0.000100
1613, -19.5227, 0.0040, 0.000100
1614, -21.0000, 0.0037, 0.000100
1615, -20.7500, 0.0021, 0.000100
1616, -16.5909, -0.0023, 0.000100
1617, -18.0227, 0.0003, 0.000100
1618, -16.8636, -0.0020, 0.000100
1619, -19.1163, 0.0039, 0.000100
1620, -17.2273, 0.0028, 0.000100
1621, -17.5227, -0.0008, 0.000100
1622, -19.7143, 0.0003, 0.000100
1623, -16.4773, -0.0041, 0.000100
1624, -18.2045, 0.0042, 0.000100
1625, -15.8636, 0.0012, 0.000100
1626, -17.3810, 0.0035, 0.000100
1627, -21.0455, 0.0004, 0.000100
1628, -16.8409, -0.0011, 0.000100
1629, -17.1364, -0.0007, 0.000100
1630, -17.2500, -0.0009, 0.000100
1631, -14.8636, -0.0020, 0.000100
1632, -17.4545, 0.0006, 0.000100
1633, -16.6818, 0.0013, 0.000100
1634, -17.8837, 0.0017, 0.000100
1635, -19.4773, 0.0007, 0.000100
1636, -15.4318, 0.0009, 0.000100
1637, -14.3636, -0.0005, 0.000100
1638, -17.9545, 0.0068, 0.000100
1639, -18.0682, 0.0006, 0.000100
1640, -15.9091, -0.0012, 0.000100
1641, -14.8095, -0.0003, 0.000100
1642, -18.7045, 0.0070, 0.000100
1643, -18.0909, 0.0071, 0.000100
1644, -16.4318, -0.0009, 0.000100
1645, -20.5455, 0.0079, 0.000100
1646, -16.0000, 0.0028, 0.000100
1647, -20.4318, 0.0053, 0.000100
1648, -23.3636, 0.0097, 0.000100
1649, -16.2727, -0.0014, 0.000100
1650, -16.3409, -0.0015, 0.000100
1651, -21.5349, 0.0000, 0.000100
1652, -15.2955, 0.0000, 0.000100
1653, -19.1136, 0.0000, 0.000100
1654, -17.6818, 0.0000, 0.000100
1655, -15.5682, 0.0000, 0.000100
1656, -13.9773, 0.0000, 0.000100
1657, -21.1818, 0.0000, 0.000100
1658, -12.9773, 0.0000, 0.000100
1659, -21.7955, 0.0000, 0.000100
1660, -16.5000, 0.0000, 0.000100
1661, -16.0455, 0.0000, 0.000100
1662, -16.7500, 0.0000, 0.000100
1663, -18.8864, 0.0000, 0.000100
1664, -20.7727, 0.0000, 0.000100
1665, -17.1364, 0.0000, 0.000100
1666, -21.2045, 0.0000, 0.000100
1667, -15.3256, 0.0000, 0.000100
1668, -19.0909, 0.0000, 0.000100
1669, -19.4545, 0.0000, 0.000100
1670, -16.5000, 0.0000, 0.000100
1671, -20.0682, 0.0000, 0.000100
1672, -15.1591, 0.0000, 0.000100
1673, -16.4091, 0.0000, 0.000100
1674, -19.0682, 0.0000, 0.000100
1675, -17.4091, 0.0000, 0.000100
1676, -16.6591, 0.0000, 0.000100
1677, -15.9773, 0.0000, 0.000100
1678, -20.5455, 0.0000, 0.000100
1679, -22.1136, 0.0000, 0.000100
1680, -19.7045, 0.0000, 0.000100
1681, -18.4884, 0.0000, 0.000100
1682, -17.2955, 0.0000, 0.000100
1683, -19.4318, 0.0000, 0.000100
1684, -17.3023, 0.0000, 0.000100
1685, -20.7727, 0.0000, 0.000100
1686, -18.9091, 0.0000, 0.000100
1687, -22.3409, 0.0000, 0.000100
1688, -16.6364, 0.0000, 0.000100
1689, -20.0909, 0.0000, 0.000100
1690, -19.7727, 0.0000, 0.000100
1691, -17.0455, 0.0000, 0.000100
1692, -20.1136, 0.0000, 0.000100
1693, -14.9091, 0.0000, 0.000100
1694, -18.8864, 0.0000, 0.000100
1695, -20.7674, 0.0000, 0.000100
1696, -19.8409, 0.0000, 0.000100
1697, -18.6818, 0.0000, 0.000100
1698, -17.8636, 0.0000, 0.000100
1699, -17.4545, 0.0000, 0.000100
1700, -22.8636, 0.0000, 0.000100
1701, -15.4545, 0.0013, 0.000100
1702, -21.3953, 0.0085, 0.000100
1703, -14.9318, 0.0010, 0.000100
1704, -17.7442, 0.0031, 0.000100
1705, -20.8636, 0.0048, 0.000100
1706, -17.8409, -0.0026, 0.000100
1707, -18.2727, 0.0022, 0.000100
1708, -18.0455, -0.0045, 0.000100
1709, -17.5909, 0.0012, 0.000100
1710, -19.0455, -0.0002, 0.000100
1711, -19.9773, 0.0088, 0.000100
1712, -14.9767, 0.0005, 0.000100
1713, -14.8837, -0.0007, 0.000100
1714, -16.3182, 0.0012, 0.000100
1715, -20.1190, 0.0103, 0.000100
1716, -18.1591, -0.0010, 0.000100
1717, -19.3409, 0.0054, 0.000100
1718, -17.2326, 0.0003, 0.000100
1719, -21.9318, 0.0104, 0.000100
1720, -18.0455, 0.0059, 0.000100
1721, -15.1591, -0.0048, 0.000100
1722, -19.2727, 0.0042, 0.000100
1723, -15.3409, -0.0017, 0.000100
1724, -16.1591, -0.0025, 0.000100
1725, -23.1591, 0.0051, 0.000100
1726, -16.3864, 0.0013, 0.000100
1727, -20.1364, 0.0028, 0.000100
1728, -19.3182, 0.0006, 0.000100
1729, -19.6818, 0.0017, 0.000100
1730, -21.4773, -0.0026, 0.000100
1731, -14.7273, -0.0047, 0.000100
1732, -17.5682, -0.0067, 0.000100
1733, -19.2143, 0.0018, 0.000100
1734, -20.1591, 0.0034, 0.000100
1735, -20.1818, -0.0055, 0.000100
1736, -18.8636, 0.0038, 0.000100
1737, -17.4091, -0.0011, 0.000100
1738, -14.9545, -0.0057, 0.000100
1739, -20.0000, -0.0026, 0.000100
1740, -21.2045, 0.0023, 0.000100
1741, -21.0227, 0.0018, 0.000100
1742, -19.9318, 0.0032, 0.000100
1743, -17.4091, -0.0008, 0.000100
1744, -16.2273, -0.0035, 0.000100
1745, -23.0455, 0.0013, 0.000100
1746, -15.9091, -0.0057, 0.000100
1747, -17.0455, -0.0019, 0.000100
1748, -15.6818, -0.0052, 0.000100
1749, -19.1591, 0.0021, 0.000100
1750, -17.8182, 0.0058, 0.000100
1751, -16.2326, 0.0000, 0.000100
1752, -23.0455, 0.0000, 0.000100
1753, -16.9773, 0.0000, 0.000100
1754, -17.1818, 0.0000, 0.000100
1755, -19.8182, 0.0000, 0.000100
1756, -17.1136, 0.0000, 0.000100
1757, -14.7045, 0.0000, 0.000100
1758, -17.7955, 0.0000, 0.000100
1759, -13.3182, 0.0000, 0.000100
1760, -18.7045, 0.0000, 0.000100
1761, -18.8636, 0.0000, 0.000100
1762, -15.7045, 0.0000, 0.000100
1763, -16.4545, 0.0000, 0.000100
1764, -19.1136, 0.0000, 0.000100
1765, -19.9773, 0.0000, 0.000100
1766, -17.0000, 0.0000, 0.000100
1767, -18.8182, 0.0000, 0.000100
1768, -17.0455, 0.0000, 0.000100
1769, -19.2273, 0.0000, 0.000100
1770, -16.2558, 0.0000, 0.000100
1771, -18.0227, 0.0000, 0.000100
1772, -17.6977, 0.0000, 0.000100
1773, -17.1364, 0.0000, 0.000100
1774, -18.8636, 0.0000, 0.000100
1775, -18.5682, 0.0000, 0.000100
1776, -18.7045, 0.0000, 0.000100
1777, -16.5227, 0.0000, 0.000100
1778, -15.9318, 0.0000, 0.000100
1779, -15.0455, 0.0000, 0.000100
1780, -14.8409, 0.0000, 0.000100
1781, -15.0682, 0.0000, 0.000100
1782, -19.0909, 0.0000, 0.000100
1783, -19.1818, 0.0000, 0.000100
1784, -19.5455, 0.0000, 0.000100
1785, -19.8636, 0.0000, 0.000100
1786, -16.4318, 0.0000, 0.000100
1787, -17.6591, 0.0000, 0.000100
1788, -17.4545, 0.0000, 0.000100
1789, -18.5000, 0.0000, 0.000100
1790, -19.0909, 0.0000, 0.000100
1791, -13.8636, 0.0000, 0.000100
1792, -16.0233, 0.0000, 0.000100
1793, -13.4545, 0.0000, 0.000100
1794, -18.2273, 0.0000, 0.000100
1795, -17.8182, 0.0000, 0.000100
1796, -22.0227, 0.0000, 0.000100
1797, -18.1818, 0.0000, 0.000100
1798, -18.2045, 0.0000, 0.000100
1799, -17.9318, 0.0000, 0.000100
1800, -17.7727, 0.0000, 0.000100
1801, -14.5455, -0.0017, 0.000100
1802, -13.7273, -0.0056, 0.000100
1803, -16.9091, 0.0018, 0.000100
1804, -15.7045, 0.0016, 0.000100
1805, -19.9773, 0.0061, 0.000100
1806, -15.4545, -0.0017, 0.000100
1807, -15.6136, -0.0003, 0.000100
1808, -17.5682, 0.0030, 0.000100
1809, -18.3409, 0.0052, 0.000100
1810, -18.2955, -0.0010, 0.000100
1811, -20.0455, 0.0020, 0.000100
1812, -17.3182, 0.0011, 0.000100
1813, -18.7045, 0.0013, 0.000100
1814, -17.1364, -0.0016, 0.000100
1815, -18.0000, -0.0007, 0.000100
1816, -18.3182, -0.0014, 0.000100
1817, -19.3864, -0.0011, 0.000100
1818, -15.5000, -0.0014, 0.000100
1819, -15.1818, -0.0027, 0.000100
1820, -17.7045, 0.0010, 0.000100
1821, -19.8409, 0.0052, 0.000100
1822, -17.3636, -0.0015, 0.000100
1823, -18.1818, 0.0024, 0.000100
1824, -14.4773, -0.0013, 0.000100
1825, -14.8636, -0.0000, 0.000100
1826, -18.2955, 0.0108, 0.000100
1827, -16.8409, 0.0029, 0.000100
1828, -18.1818, 0.0044, 0.000100
1829, -19.6136, 0.0036, 0.000100
1830, -19.2045, 0.0026, 0.000100
1831, -17.4091, -0.0003, 0.000100
1832, -18.4091, 0.0028, 0.000100
1833, -14.4773, -0.0026, 0.000100
1834, -15.5227, 0.0005, 0.000100
1835, -21.9545, 0.0032, 0.000100
1836, -17.8864, 0.0014, 0.000100
1837, -13.9773, -0.0019, 0.000100
1838, -17.4091, 0.0040, 0.000100
1839, -17.5909, -0.0010, 0.000100
1840, -16.4091, 0.0014, 0.000100
1841, -19.6818, 0.0084, 0.000100
1842, -15.7727, 0.0016, 0.000100
1843, -13.2273, -0.0055, 0.000100
1844, -16.3182, -0.0021, 0.000100
1845, -17.6136, 0.0015, 0.000100
1846, -16.0227, 0.0042, 0.000100
1847, -17.4318, 0.0041, 0.000100
1848, -19.0682, -0.0000, 0.000100
1849, -17.0714, 0.0008, 0.000100
1850, -16.7045, -0.0018, 0.000100
1851, -16.0682, 0.0000, 0.000100
1852, -15.3636, 0.0000, 0.000100
1853, -15.3409, 0.0000, 0.000100
1854, -21.2619, 0.0000, 0.000100
1855, -15.3182, 0.0000, 0.000100
1856, -14.6364, 0.0000, 0.000100
1857, -17.0952, 0.0000, 0.000100
1858, -17.8182, 0.0000, 0.000100
1859, -15.0227, 0.0000, 0.000100
1860, -16.6364, 0.0000, 0.000100
1861, -15.7273, 0.0000, 0.000100
1862, -17.1591, 0.0000, 0.000100
1863, -15.2045, 0.0000, 0.000100
1864, -14.2727, 0.0000, 0.000100
1865, -16.8182, 0.0000, 0.000100
1866, -16.5909, 0.0000, 0.000100
1867, -19.4545, 0.0000, 0.000100
1868, -15.2500, 0.0000, 0.000100
1869, -18.4773, 0.0000, 0.000100
1870, -17.2273, 0.0000, 0.000100
1871, -19.7045, 0.0000, 0.000100
1872, -17.8409, 0.0000, 0.000100
1873, -17.8409, 0.0000, 0.000100
1874, -19.5682, 0.0000, 0.000100
1875, -20.8864, 0.0000, 0.000100
1876, -18.3721, 0.0000, 0.000100
1877, -20.4773, 0.0000, 0.000100
1878, -20.5682, 0.0000, 0.000100
1879, -16.0682, 0.0000, 0.000100
1880, -19.9091, 0.0000, 0.000100
1881, -18.3182, 0.0000, 0.000100
1882, -16.0227, 0.0000, 0.000100
1883, -14.9767, 0.0000, 0.000100
1884, -15.4545, 0.0000, 0.000100
1885, -16.9773, 0.0000, 0.000100
1886, -16.4318, 0.0000, 0.000100
1887, -16.9773, 0.0000, 0.000100
1888, -18.9545, 0.0000, 0.000100
1889, -17.2273, 0.0000, 0.000100
1890, -20.2326, 0.0000, 0.000100
1891, -15.9318, 0.0000, 0.000100
1892, -17.9318, 0.0000, 0.000100
1893, -18.5682, 0.0000, 0.000100
1894, -20.6136, 0.0000, 0.000100
1895, -17.6364, 0.0000, 0.000100
1896, -18.0233, 0.0000, 0.000100
1897, -18.3409, 0.0000, 0.000100
1898, -17.7045, 0.0000, 0.000100
1899, -16.5227, 0.0000, 0.000100
1900, -14.9091, 0.0000, 0.000100
1901, -22.2558, 0.0025, 0.000100
1902, -16.9773, -0.0049, 0.000100
1903, -18.0227, 0.0013, 0.000100
1904, -17.2500, -0.0016, 0.000100
1905, -18.8605, 0.0048, 0.000100
1906, -15.9318, -0.0065, 0.000100
1907, -21.8409, 0.0017, 0.000100
1908, -16.1364, -0.0044, 0.000100
1909, -20.1591, 0.0038, 0.000100
1910, -18.0909, 0.0013, 0.000100
1911, -14.9545, -0.0074, 0.000100
1912, -18.5455, -0.0037, 0.000100
1913, -17.1429, -0.0035, 0.000100
1914, -18.5682, -0.0012, 0.000100
1915, -17.0682, -0.0044, 0.000100
1916, -20.8182, 0.0060, 0.000100
1917, -16.5682, -0.0017, 0.000100
1918, -13.7045, -0.0030, 0.000100
1919, -16.8182, 0.0034, 0.000100
1920, -16.5227, -0.0016, 0.000100
1921, -18.8636, 0.0021, 0.000100
1922, -18.2273, 0.0008, 0.000100
1923, -18.6136, -0.0001, 0.000100
1924, -18.3409, 0.0019, 0.000100
1925, -14.5909, 0.0013, 0.000100
1926, -15.0227, -0.0016, 0.000100
1927, -17.5227, 0.0036, 0.000100
1928, -17.4545, 0.0023, 0.000100
1929, -20.4318, 0.0054, 0.000100
1930, -17.0000, -0.0042, 0.000100
1931, -19.4186, -0.0006, 0.000100
1932, -15.2727, -0.0034, 0.000100
1933, -17.0909, -0.0026, 0.000100
1934, -15.3409, -0.0008, 0.000100
1935, -20.2500, 0.0048, 0.000100
1936, -18.8605, 0.0041, 0.000100
1937, -17.9091, 0.0032, 0.000100
1938, -16.6818, -0.0010, 0.000100
1939, -15.1364, 0.0007, 0.000100
1940, -16.7273, -0.0023, 0.000100
1941, -18.9773, -0.0025, 0.000100
1942, -16.2500, 0.0017, 0.000100
1943, -18.9773, 0.0018, 0.000100
1944, -17.1707, -0.0018, 0.000100
1945, -13.0909, -0.0039, 0.000100
1946, -17.5227, -0.0038, 0.000100
1947, -16.3864, 0.0010, 0.000100
1948, -17.2273, -0.0026, 0.000100
1949, -15.3721, -0.0026, 0.000100
1950, -17.5682, 0.0040, 0.000100
1951, -17.7955, 0.0000, 0.000100
1952, -18.5455, 0.0000, 0.000100
1953, -17.5682, 0.0000, 0.000100
1954, -16.6818, 0.0000, 0.000100
1955, -15.8409, 0.0000, 0.000100
1956, -16.0000, 0.0000, 0.000100
1957, -20.0909, 0.0000, 0.000100
1958, -18.2273, 0.0000, 0.000100
1959, -17.2727, 0.0000, 0.000100
1960, -18.3182, 0.0000, 0.000100
1961, -17.6364, 0.0000, 0.000100
1962, -19.7045, 0.0000, 0.000100
1963, -14.2045, 0.0000, 0.000100
1964, -15.9318, 0.0000, 0.000100
1965, -21.0682, 0.0000, 0.000100
1966, -14.7727, 0.0000, 0.000100
1967, -16.9773, 0.0000, 0.000100
1968, -18.2727, 0.0000, 0.000100
1969, -17.7273, 0.0000, 0.000100
1970, -14.3636, 0.0000, 0.000100
1971, -20.7273, 0.0000, 0.000100
1972, -17.5909, 0.0000, 0.000100
1973, -17.0930, 0.0000, 0.000100
1974, -13.7727, 0.0000, 0.000100
1975, -18.8409, 0.0000, 0.000100
1976, -18.7955, 0.0000, 0.000100
1977, -16.4545, 0.0000, 0.000100
1978, -16.1818, 0.0000, 0.000100
1979, -15.6818, 0.0000, 0.000100
1980, -22.5116, 0.0000, 0.000100
1981, -17.5000, 0.0000, 0.000100
1982, -17.4773, 0.0000, 0.000100
1983, -17.9091, 0.0000, 0.000100
1984, -17.5682, 0.0000, 0.000100
1985, -16.1136, 0.0000, 0.000100
1986, -19.3409, 0.0000, 0.000100
1987, -15.5682, 0.0000, 0.000100
1988, -18.0233, 0.0000, 0.000100
1989, -22.7045, 0.0000, 0.000100
1990, -18.3864, 0.0000, 0.000100
1991, -18.0227, 0.0000, 0.000100
1992, -17.4545, 0.0000, 0.000100
1993, -18.8140, 0.0000, 0.000100
1994, -17.4318, 0.0000, 0.000100
1995, -15.8864, 0.0000, 0.000100
1996, -17.4318, 0.0000, 0.000100
1997, -17.3953, 0.0000, 0.000100
1998, -17.5455, 0.0000, 0.000100
1999, -19.8864, 0.0000, 0.000100
2000, -17.6136, 0.0000, 0.000100
